{
    "name": "Global Information",
    "numberOfRequests": {
        "total": 26,
        "ok": 26,
        "ko": 0
    },
    "minResponseTime": {
        "total": 14,
        "ok": 14,
        "ko": 0
    },
    "maxResponseTime": {
        "total": 5185,
        "ok": 5185,
        "ko": 0
    },
    "meanResponseTime": {
        "total": 2040,
        "ok": 2040,
        "ko": 0
    },
    "standardDeviation": {
        "total": 1549,
        "ok": 1549,
        "ko": 0
    },
    "percentiles1": {
        "total": 1830,
        "ok": 1830,
        "ko": 0
    },
    "percentiles2": {
        "total": 3232,
        "ok": 3232,
        "ko": 0
    },
    "percentiles3": {
        "total": 4784,
        "ok": 4784,
        "ko": 0
    },
    "percentiles4": {
        "total": 5165,
        "ok": 5165,
        "ko": 0
    },
    "group1": {
        "name": "t < 800 ms",
        "count": 9,
        "percentage": 35
    },
    "group2": {
        "name": "800 ms < t < 1200 ms",
        "count": 0,
        "percentage": 0
    },
    "group3": {
        "name": "t > 1200 ms",
        "count": 17,
        "percentage": 65
    },
    "group4": {
        "name": "failed",
        "count": 0,
        "percentage": 0
    },
    "meanNumberOfRequestsPerSecond": {
        "total": 1.5294117647058822,
        "ok": 1.5294117647058822,
        "ko": 0
    }
}