{
  "type": "GROUP",
"name": "Global Information",
"path": "",
"pathFormatted": "group_missing-name-b06d1",
"stats": {
    "name": "Global Information",
    "numberOfRequests": {
        "total": 26,
        "ok": 26,
        "ko": 0
    },
    "minResponseTime": {
        "total": 14,
        "ok": 14,
        "ko": 0
    },
    "maxResponseTime": {
        "total": 5185,
        "ok": 5185,
        "ko": 0
    },
    "meanResponseTime": {
        "total": 2040,
        "ok": 2040,
        "ko": 0
    },
    "standardDeviation": {
        "total": 1549,
        "ok": 1549,
        "ko": 0
    },
    "percentiles1": {
        "total": 1830,
        "ok": 1830,
        "ko": 0
    },
    "percentiles2": {
        "total": 3232,
        "ok": 3232,
        "ko": 0
    },
    "percentiles3": {
        "total": 4784,
        "ok": 4784,
        "ko": 0
    },
    "percentiles4": {
        "total": 5165,
        "ok": 5165,
        "ko": 0
    },
    "group1": {
        "name": "t < 800 ms",
        "count": 9,
        "percentage": 35
    },
    "group2": {
        "name": "800 ms < t < 1200 ms",
        "count": 0,
        "percentage": 0
    },
    "group3": {
        "name": "t > 1200 ms",
        "count": 17,
        "percentage": 65
    },
    "group4": {
        "name": "failed",
        "count": 0,
        "percentage": 0
    },
    "meanNumberOfRequestsPerSecond": {
        "total": 1.5294117647058822,
        "ok": 1.5294117647058822,
        "ko": 0
    }
},
"contents": {
"req_google--launch--50770": {
        "type": "REQUEST",
        "name": "Google: Launch Website",
"path": "Google: Launch Website",
"pathFormatted": "req_google--launch--50770",
"stats": {
    "name": "Google: Launch Website",
    "numberOfRequests": {
        "total": 9,
        "ok": 9,
        "ko": 0
    },
    "minResponseTime": {
        "total": 1750,
        "ok": 1750,
        "ko": 0
    },
    "maxResponseTime": {
        "total": 5106,
        "ok": 5106,
        "ko": 0
    },
    "meanResponseTime": {
        "total": 3284,
        "ok": 3284,
        "ko": 0
    },
    "standardDeviation": {
        "total": 850,
        "ok": 850,
        "ko": 0
    },
    "percentiles1": {
        "total": 3234,
        "ok": 3234,
        "ko": 0
    },
    "percentiles2": {
        "total": 3531,
        "ok": 3531,
        "ko": 0
    },
    "percentiles3": {
        "total": 4590,
        "ok": 4590,
        "ko": 0
    },
    "percentiles4": {
        "total": 5003,
        "ok": 5003,
        "ko": 0
    },
    "group1": {
        "name": "t < 800 ms",
        "count": 0,
        "percentage": 0
    },
    "group2": {
        "name": "800 ms < t < 1200 ms",
        "count": 0,
        "percentage": 0
    },
    "group3": {
        "name": "t > 1200 ms",
        "count": 9,
        "percentage": 100
    },
    "group4": {
        "name": "failed",
        "count": 0,
        "percentage": 0
    },
    "meanNumberOfRequestsPerSecond": {
        "total": 0.5294117647058824,
        "ok": 0.5294117647058824,
        "ko": 0
    }
}
    },"req_github--launch--b850d": {
        "type": "REQUEST",
        "name": "GitHub: Launch Website",
"path": "GitHub: Launch Website",
"pathFormatted": "req_github--launch--b850d",
"stats": {
    "name": "GitHub: Launch Website",
    "numberOfRequests": {
        "total": 4,
        "ok": 4,
        "ko": 0
    },
    "minResponseTime": {
        "total": 1377,
        "ok": 1377,
        "ko": 0
    },
    "maxResponseTime": {
        "total": 5185,
        "ok": 5185,
        "ko": 0
    },
    "meanResponseTime": {
        "total": 3315,
        "ok": 3315,
        "ko": 0
    },
    "standardDeviation": {
        "total": 1355,
        "ok": 1355,
        "ko": 0
    },
    "percentiles1": {
        "total": 3349,
        "ok": 3349,
        "ko": 0
    },
    "percentiles2": {
        "total": 3963,
        "ok": 3963,
        "ko": 0
    },
    "percentiles3": {
        "total": 4941,
        "ok": 4941,
        "ko": 0
    },
    "percentiles4": {
        "total": 5136,
        "ok": 5136,
        "ko": 0
    },
    "group1": {
        "name": "t < 800 ms",
        "count": 0,
        "percentage": 0
    },
    "group2": {
        "name": "800 ms < t < 1200 ms",
        "count": 0,
        "percentage": 0
    },
    "group3": {
        "name": "t > 1200 ms",
        "count": 4,
        "percentage": 100
    },
    "group4": {
        "name": "failed",
        "count": 0,
        "percentage": 0
    },
    "meanNumberOfRequestsPerSecond": {
        "total": 0.23529411764705882,
        "ok": 0.23529411764705882,
        "ko": 0
    }
}
    },"req_github--login-w-ea806": {
        "type": "REQUEST",
        "name": "GitHub: Login with Username and Password",
"path": "GitHub: Login with Username and Password",
"pathFormatted": "req_github--login-w-ea806",
"stats": {
    "name": "GitHub: Login with Username and Password",
    "numberOfRequests": {
        "total": 4,
        "ok": 4,
        "ko": 0
    },
    "minResponseTime": {
        "total": 14,
        "ok": 14,
        "ko": 0
    },
    "maxResponseTime": {
        "total": 45,
        "ok": 45,
        "ko": 0
    },
    "meanResponseTime": {
        "total": 22,
        "ok": 22,
        "ko": 0
    },
    "standardDeviation": {
        "total": 13,
        "ok": 13,
        "ko": 0
    },
    "percentiles1": {
        "total": 15,
        "ok": 15,
        "ko": 0
    },
    "percentiles2": {
        "total": 23,
        "ok": 23,
        "ko": 0
    },
    "percentiles3": {
        "total": 40,
        "ok": 40,
        "ko": 0
    },
    "percentiles4": {
        "total": 44,
        "ok": 44,
        "ko": 0
    },
    "group1": {
        "name": "t < 800 ms",
        "count": 4,
        "percentage": 100
    },
    "group2": {
        "name": "800 ms < t < 1200 ms",
        "count": 0,
        "percentage": 0
    },
    "group3": {
        "name": "t > 1200 ms",
        "count": 0,
        "percentage": 0
    },
    "group4": {
        "name": "failed",
        "count": 0,
        "percentage": 0
    },
    "meanNumberOfRequestsPerSecond": {
        "total": 0.23529411764705882,
        "ok": 0.23529411764705882,
        "ko": 0
    }
}
    },"req_google--search--80686": {
        "type": "REQUEST",
        "name": "Google: Search Karate",
"path": "Google: Search Karate",
"pathFormatted": "req_google--search--80686",
"stats": {
    "name": "Google: Search Karate",
    "numberOfRequests": {
        "total": 9,
        "ok": 9,
        "ko": 0
    },
    "minResponseTime": {
        "total": 390,
        "ok": 390,
        "ko": 0
    },
    "maxResponseTime": {
        "total": 2305,
        "ok": 2305,
        "ko": 0
    },
    "meanResponseTime": {
        "total": 1126,
        "ok": 1126,
        "ko": 0
    },
    "standardDeviation": {
        "total": 692,
        "ok": 692,
        "ko": 0
    },
    "percentiles1": {
        "total": 715,
        "ok": 715,
        "ko": 0
    },
    "percentiles2": {
        "total": 1713,
        "ok": 1713,
        "ko": 0
    },
    "percentiles3": {
        "total": 2147,
        "ok": 2147,
        "ko": 0
    },
    "percentiles4": {
        "total": 2273,
        "ok": 2273,
        "ko": 0
    },
    "group1": {
        "name": "t < 800 ms",
        "count": 5,
        "percentage": 56
    },
    "group2": {
        "name": "800 ms < t < 1200 ms",
        "count": 0,
        "percentage": 0
    },
    "group3": {
        "name": "t > 1200 ms",
        "count": 4,
        "percentage": 44
    },
    "group4": {
        "name": "failed",
        "count": 0,
        "percentage": 0
    },
    "meanNumberOfRequestsPerSecond": {
        "total": 0.5294117647058824,
        "ok": 0.5294117647058824,
        "ko": 0
    }
}
    }
}

}